First Name,Last Name,DOJ,LWD,Team,Location
A,Apple,3/1/2024,,A,TW
B,Banana,11/1/2024,,A,TW
C,Cat,11/2/2024,,A,TW
D,Dog,2/1/2025,,A,TW
E,Elephant,2/2/2025,,A,TW
F,Flower,6/3/2025,,A,TW
G,Glass,6/4/2025,,A,TW
H,Honda,6/5/2025,,A,CA
I,Ice,6/6/2025,,A,TW
J,Joy,7/7/2025,,A,TW
K,Kia,8/8/2025,,A,TW
L,Lion,9/9/2025,,A,TW
M,Monkey,9/10/2025,,A,TW
N,Note,11/11/2025,,A,TW
O,Open,4/12/2024,,M,TW
P,Paper,1/13/2025,,M,TW
Q,Quiet,2/14/2025,,M,TW
R,Rock,2/15/2025,,M,TW
S,Star,2/16/2025,,M,TW
T,Time,2/17/2025,,M,TW
U,Unit,2/18/2025,,M,TW
V,Vote,3/19/2025,,M,TW
W,Wow,1/20/2025,,D,TW
X,XXX,1/21/2025,,D,TW
Y,Yoyo,2/22/2025,,D,TW
Z,Zoo,2/23/2025,,D,TW
A,A,2/24/2025,,D,TW
B,,2/25/2025,,D,TW
C,,2/26/2025,,D,TW
D,,1/27/2025,,U,TW
E,,2/28/2025,,U,TW
F,,2/27/2025,,U,TW
G,,2/26/2025,,U,TW
H,,2/25/2025,,U,TW
I,,2/24/2025,,U,TW
J,,6/23/2025,,U,TW
K,,6/22/2025,,U,TW
L,,7/21/2025,,U,TW
M,,8/20/2025,,U,TW
N,,8/19/2025,,U,TW
O,,8/18/2025,,U,IN
P,,8/17/2025,,U,IN
Q,,7/16/2025,,U,IN
R,,8/15/2025,,U,TW
S,,8/14/2025,,U,TW
T,,8/13/2025,,U,TW
U,,9/12/2025,,U,TW
V,,9/11/2025,,U,TW
W,,9/10/2025,,U,TW
X,,9/9/2025,,U,TW
Y,,1/8/2025,,M,TW
Z,,2/7/2025,,M,TW
A,,3/6/2025,,M,TW
B,,3/5/2025,,M,TW
C,,10/4/2025,,U,TW
D,,11/3/2025,,U,TW
E,,2/2/2025,,U,TW
F,,2/1/2025,,U,TW
G,,3/2/2025,10/14/2025,U,TW
H,,11/3/2024,4/10/2025,A,TW
I,,1/4/2025,4/10/2025,M,TW
J,,1/5/2025,6/10/2025,U,TW
K,,1/6/2025,6/30/2025,U,TW
L,,2/7/2025,7/2/2025,M,TW
M,,6/8/2025,10/13/2025,A,TW
